ISBN,도서명,출판사,저자,출판일,페이지,가격
9791162540770,데스 바이 아마존,C0048,시로타 마코토,2019-04-15,272,15000 
9791188850549,4주 만에 완성하는 레깅스핏 스트레칭,C0046,모리 다쿠로,2019-04-11,132,13000 
9791188850518,왕이 된 남자 2,C0019,김선덕,2019-04-10,388,14000 
9791188850501,왕이 된 남자 1,C0030,김선덕,2019-04-10,440,14000 
9791162540756,새벽에 읽는 유대인 인생 특강,C0086,장대은,2019-04-10,280,15000 
9791188850471,왕이 된 남자 포토에세이,C0072,스튜디오 드래곤,2019-04-10,368,25000 
9791162540732,오토노미 제2의 이동 혁명,C0054,로렌스 번스 -  크리스토퍼 슐건,2019-03-31,536,22000 
9791162540718,쓴다 쓴다 쓰는 대로 된다,C0055,후루카와 다케시,2019-03-30,232,13000 
9791162540695,머니패턴,C0056,이요셉 -  김채송화,2019-03-25,264,15000 
9791162540671,1日 1行의 기적,C0057,유근용,2019-03-20,500,13800 
9791188850440,오늘도 울컥하고 말았습니다,C0058,정민지,2019-03-15,248,13800 
9791188850426,엘리트 제국의 몰락,C0059,미하엘 하르트만,2019-02-27,376,16800 
9791162540640,아주 작은 습관의 힘,C0060,제임스 클리어,2019-02-26,360,16000 
9791186805398,그릿 GRIT(100쇄 기념 리커버 에디션),C0061,앤절라 더크워스,2019-02-20,416,16000 
9791162540619,일단 오늘 한 줄 써봅시다,C0062,김민태,2019-02-15,252,14000 
9791162540596,뉴파워 - 새로운 권력의 탄생,C0063,제러미 하이먼즈 -  헨리 팀스,2019-01-30,456,18000 
9791188850402,잊지 않고 남겨두길 잘했어,C0064,이유미,2019-01-29,252,13500 
9791188850389,아이의 뇌에 상처 입히는 부모들,C0065,도모다 아케미,2019-01-28,240,13800 
9791162540572,어떻게 팔지 답답할 때 읽는 마케팅 책,C0066,리처드 쇼튼,2019-01-18,280,15000 
9791162540558,서른과 마흔 사이 나를 되돌아볼 시간,C0067,미리암 프리스,2019-01-10,316,15800 
9791188850365,먹고사는 게 전부가 아닌 날도 있어서,C0068,노지양,2018-12-25,256,13500 
9791188850341,선생님 -  저 우울증인가요?,C0069,오카다 다카시,2018-12-20,272,14800 
9791162540527,관계의 품격,C0070,오노코로 신페이,2018-12-15,232,13500 
9791188850327,백년 두뇌,C0071,하세가와 요시야,2018-11-29,236,14000 
9791162540503,세계미래보고서 2019,C0072,박영숙 -  제롬 글렌,2018-11-24,376,16500 
9791188850303,진정한 나로 살아갈 용기,C0073,브레네 브라운,2018-11-23,228,13500 
9791188850280,반려견 증상 상식 사전,C0074,김보윤,2018-11-15,232,14800 
9791188850266,나를 사랑하는 일에 서툰 당신에게,C0075,안정현(마음달),2018-10-31,240,14000 
9791162540480,대한민국 주식투자자를 위한 완벽한 재무제표 읽기,C0076,이강연,2018-10-30,464,20000 
9791162540466,하워드 막스 투자와 마켓 사이클의 법칙,C0077,하워드 막스(Howard Marks),2018-10-29,436,18000 
